代码,名称,策略,得分,理由,建议买入下限,建议买入上限,止盈价,止损价,最大持有天数,建议股数,预估金额,信号日,收盘价
600897,厦门空港,缩量回调再放量,90.20,上升趋势中连续三日缩量回落，今日放量收阳，涨幅 8.0%，未涨停。,15.84,16.49,17.13,15.52,5,300,4875.00,2026-09-24,16.25
002826,易明医药,缩量回调再放量,71.32,上升趋势中连续三日缩量回落，今日放量收阳，涨幅 3.1%，未涨停。,17.24,17.95,18.65,16.89,5,200,3536.00,2026-09-24,17.68
002553,南方精工,缩量回调再放量,70.45,上升趋势中连续三日缩量回落，今日放量收阳，涨幅 5.2%，未涨停。,15.86,16.51,17.16,15.54,5,300,4881.00,2026-09-24,16.27
603755,日辰股份,缩量回调再放量,69.27,上升趋势中连续三日缩量回落，今日放量收阳，涨幅 4.4%，未涨停。,24.59,25.60,26.60,24.09,5,100,2522.00,2026-09-24,25.22
300192,科德教育,放量突破60日高,69.00,收盘突破前60日高点，当日涨幅 10.3%，量能达到近5日均量的 2.4 倍，收盘未涨停。,24.68,25.69,27.70,23.67,8,100,2531.00,2026-09-24,25.31
300599,雄塑科技,放量突破60日高,69.00,收盘突破前60日高点，当日涨幅 10.9%，量能达到近5日均量的 2.0 倍，收盘未涨停。,13.35,13.90,14.99,12.81,8,300,4107.00,2026-09-24,13.69
300647,超频三,放量突破60日高,69.00,收盘突破前60日高点，当日涨幅 11.8%，量能达到近5日均量的 2.7 倍，收盘未涨停。,9.32,9.70,10.46,8.94,8,500,4780.00,2026-09-24,9.56
301339,通行宝,放量突破60日高,69.00,收盘突破前60日高点，当日涨幅 11.2%，量能达到近5日均量的 5.5 倍，收盘未涨停。,13.11,13.65,14.72,12.58,8,300,4035.00,2026-09-24,13.45
002472,双环传动,缩量回调再放量,68.12,上升趋势中连续三日缩量回落，今日放量收阳，涨幅 3.6%，未涨停。,37.97,39.52,41.07,37.20,5,100,3894.00,2026-09-24,38.94
000701,厦门信达,缩量回调再放量,68.06,上升趋势中连续三日缩量回落，今日放量收阳，涨幅 6.4%，未涨停。,5.32,5.54,5.76,5.21,5,900,4914.00,2026-09-24,5.46
